,Rater_1,Rater_2,Overall Mean
Fidelity,2.183333333333333,2.183333333333333,2.183333333333333
Safety,2.033333333333333,2.033333333333333,2.033333333333333
Quality,2.1333333333333333,2.1333333333333333,2.1333333333333333
Clarity,2.2,2.2,2.2
