,Rater 1,Rater 2,Rater 3,Overall Mean
  Fidelity  ,4.0,3.9,3.85,3.9166666666666665
  Safety  ,3.55,3.7,3.45,3.5666666666666664
  Quality  ,3.9,3.85,3.85,3.8666666666666667
  Clarity  ,4.0,3.9,3.85,3.9166666666666665
